201,A,One-Time,Machine shop-01,Machine shop Bottom team Supervisor development by Implimentation Diary system,Ibrahim S,2026-07-15,Photo Proof,In process,,,2026-08-30T11:02:27.440Z,Mr. Sanglikar (Mentor),,
202,A,One-Time,Machine shop-01,VMC Machine coolant filtration trial and implimentation to be closed,Sunil G,2026-07-15,Photo Proof,Pending,,,2026-08-30T11:02:27.440Z,Machine shop-01,,
203,A,One-Time,HR,All whats group to be modified as as per dept wise and common communication,Poonam S,2026-07-15,Photo Proof,Pending,,,2026-08-30T11:02:27.440Z,Mr. Sanglikar (Mentor),,
204,A,One-Time,Account,Account dept - Dash board + Action Plan,Sushant D,2026-07-15,Photo Proof,Pending,,,2026-08-30T11:02:27.440Z,Mr. Sanglikar (Mentor),,
205,A,One-Time,Store,Store  dept - Dash board + Action Plan,Sushant D,2026-07-15,Photo Proof,Pending,,,2026-08-30T11:02:27.440Z,Mr. Sanglikar (Mentor),,
206,A,One-Time,Machine shop-01,Drill cum tap operation,Ratan Shaikh,2026-07-15,Photo Proof,Pending,,,2026-08-30T11:02:27.440Z,Mr. Sanglikar (Mentor),,
207,A,One-Time,PDC,Mistspray trial for plunger lubrication,Raju Mohite,2026-07-15,Photo Proof,Completed,,,2026-08-30T11:02:27.440Z,PDC,,
208,A,One-Time,PDC,Trial for Blow hole - Solering or laser welding .,Shrirang C.,2026-07-15,Photo Proof,Pending,,,2026-08-30T11:02:27.440Z,Mr. Sanglikar (Mentor),,
209,A,One-Time,Plant Head,Deptwise action to be review - To do foram --No generic,Awari B,2026-07-15,Photo Proof,In process,,,2026-08-30T11:02:27.440Z,Mr. Sanglikar (Mentor),,
210,A,One-Time,Plant Head,Deptwise dashboard to be updated by weekly basis.,Awari B,2026-07-15,Photo Proof,In process,,,2026-08-30T11:02:27.440Z,Mr. Sanglikar (Mentor),,
211,A,One-Time,Plant Head,List of Self KPI or Key activities,Awari B,2026-07-15,Photo Proof,In process,,,2026-08-30T11:02:27.440Z,Mr. Sanglikar (Mentor),,
212,A,One-Time,Plant Head,Design check sheet  for New and repeat tool,Awari B,2026-07-15,Photo Proof,Completed,,,2026-08-30T11:02:27.441Z,Mr. Sanglikar (Mentor),,
213,A,One-Time,MC Maint,Blower High precesion for air cleaning,Raju Mohite,2026-07-15,Photo Proof,Hold,,,2026-08-30T11:02:27.441Z,Mr. Sanglikar (Mentor),,
214,A,One-Time,Machine shop-01,Burnishing or Honing Trial for RD & RP Part ovality reduction,Ibrahim S,2026-07-30,Photo Proof,In process,,,2026-08-30T11:02:27.441Z,Mr. Sanglikar (Mentor),,
215,A,One-Time,Machine shop-01,RD and RP Chuck balancing with part mounting,Ibrahim S,2026-07-30,Photo Proof,Completed,,,2026-08-30T11:02:27.441Z,Mr. Sanglikar (Mentor),,
216,A,One-Time,Tool Room,K17 Housing side core - Core pin with punch for elimination of Customer complaint,Nawale R,2026-07-30,Photo Proof,Completed,,,2026-08-30T11:02:27.441Z,Quality,,
217,A,One-Time,PDC,Furnace temperature setting modification for Temp dropped down issue.,Raju Mohite,2026-07-30,Photo Proof,Pending,,,2026-08-30T11:02:27.441Z,PDC,,
218,A,One-Time,MC Maint,Electricity Monitoring units /Kg,Raju Mohite,2026-07-30,Photo Proof,Pending,,,2026-08-30T11:02:27.441Z,Mr. Sanglikar (Mentor),,
219,A,One-Time,Machine shop-01,Net fitting for pigeon protection,Raju Mohite,2026-07-30,Photo Proof,Pending,,,2026-08-30T11:02:27.441Z,Mr. Sanglikar (Mentor),,
220,A,One-Time,PDC,Die coat Trail - Cast Chem make,Shrirang C.,2026-07-30,Photo Proof,Pending,,,2026-08-30T11:02:27.441Z,Tool Room,,
221,A,One-Time,Machine shop-01,"Cnc/ Vmc machine some diecoat tank level indicater missing, need provide new one.",Raju Mohite,2026-07-31,Photo Proof,Pending,,,2026-08-30T11:02:27.441Z,Machine shop-01,,
222,A,One-Time,MC Maint,Die casting shop machine all solenoid valve power supply wrapping to avoid short circuit and dust .,Raju Mohite,2026-07-31,Photo Proof,Pending,,,2026-08-30T11:02:27.441Z,Tool Room,,
223,A,One-Time,Machine shop-01,Chip breaker tool to be arrenged on cnc machine .,Ibrahim S,2026-07-31,Photo Proof,Pending,,,2026-08-30T11:02:27.441Z,Machine shop-01,,
224,A,One-Time,Machine shop-01,Wire breaded strip to be arrnge and provided for machine shop overhead perling to avoid Pigeon (Kabutar) sitting on there.,Raju Mohite,2026-07-31,Photo Proof,Pending,,,2026-08-30T11:02:27.441Z,Mr. Sanglikar (Mentor),,
225,A,One-Time,Machine shop-01,For coolant filling fabricated wheel trolly to be provided with capacty 200 ltr.,Ibrahim S,2026-07-31,Photo Proof,Pending,,,2026-08-30T11:02:27.441Z,Mr. Sanglikar (Mentor),,
226,A,One-Time,PPC,High RPM blower demo follow up.,Pankaj B,2026-07-31,Photo Proof,Pending,,,2026-08-30T11:02:27.441Z,Mr. Sanglikar (Mentor),,
227,A,One-Time,PDC,Die csting shop one machine plunger mist spray demo follow up,Pankaj B,2026-07-31,Photo Proof,Completed,,,2026-08-30T11:02:27.441Z,Tool Room,,
228,A,One-Time,Store,Plan for store department inventory reduction.,Dipak G,2026-07-31,Photo Proof,In process,,,2026-08-30T11:02:27.441Z,Mr. Sanglikar (Mentor),,
229,A,One-Time,Machine shop-01,Tool break sensor height to be increase to reduce cycle time.,Raju Mohite,2026-07-31,Photo Proof,Pending,,,2026-08-30T11:02:27.441Z,Mr. Sanglikar (Mentor),,
230,A,One-Time,Store,Plan for store department consumable minimum stock.,Dipak G,2026-07-31,Photo Proof,In process,,,2026-08-30T11:02:27.441Z,Mr. Sanglikar (Mentor),,
231,A,One-Time,PPC,Final inspection data for per head sale and indivisual work profile.,Ashok K,2026-07-31,Photo Proof,Completed,,,2026-08-30T11:02:27.441Z,Mr. Sanglikar (Mentor),,
232,A,One-Time,Store,Overflow material plan for easily collect and load in vehicle.,Dipak G,2026-07-31,Photo Proof,Pending,,,2026-08-30T11:02:27.441Z,Mr. Sanglikar (Mentor),,
233,A,One-Time,Fettling,fettling area material storage trolly management.,Shrirang C.,2026-07-31,Photo Proof,Pending,,,2026-08-30T11:02:27.441Z,Mr. Sanglikar (Mentor),,
234,A,One-Time,Fettling,"Each material storage trolly should have number code, PM plan, and History card deta to be monitor.",Shrirang C.,2026-07-31,Photo Proof,Pending,,,2026-08-30T11:02:27.441Z,Mr. Sanglikar (Mentor),,
235,A,One-Time,PDC,Automatic temprature increasing system to be provide for furnace during material feeding (Plan ),Raju Mohite,2026-07-31,Photo Proof,Pending,,,2026-08-30T11:02:27.441Z,PDC,,
236,A,One-Time,PDC,Die Casring shop all loose cables laying and tying to be done.,Raju Mohite,2026-07-31,Photo Proof,Pending,,,2026-08-30T11:02:27.441Z,Tool Room,,
237,A,One-Time,PDC,All solenoid valve inspection audit and correction for lock and screw missing also loose connection (to avoid minor stoppges),Raju Mohite,2026-07-31,Photo Proof,Pending,,,2026-08-30T11:02:27.441Z,Quality,,
238,A,One-Time,PDC,Plan and design for furnace cover to avoid heat loss.,Shrirang C.,2026-07-31,Photo Proof,Pending,,,2026-08-30T11:02:27.441Z,PDC,,
239,A,One-Time,Plant Head,All plant operater fan cleaning schedule to be decided by process owner and should be followed.,Awari B,2026-07-31,Photo Proof,Pending,,,2026-08-30T11:02:27.441Z,Mr. Sanglikar (Mentor),,
240,A,One-Time,PDC,Die casting machine piston rod drawing to be freez and required correction to be done for proper cooling efect.,Nawale R,2026-07-31,Photo Proof,Completed,,,2026-08-30T11:02:27.441Z,Tool Room,,
241,A,One-Time,HR,Main office staire case anti sleep strip to be provided.,Poonam S,2026-07-31,Photo Proof,Pending,,,2026-08-30T11:02:27.441Z,Mr. Sanglikar (Mentor),,
242,A,One-Time,Machine shop-01,Coolant filling responsibility to be decide (point to be added in Machine shop incharge self KPI),Ibrahim S,2026-07-31,Photo Proof,Pending,,,2026-08-30T11:02:27.441Z,Mr. Sanglikar (Mentor),,
243,A,One-Time,PPC,Part wise weight  validation for every month  -Drawing weight Vs actual weight,Ashok K,2026-08-31,Photo Proof,Pending,,,2026-08-30T11:02:27.441Z,Mr. Sanglikar (Mentor),,
244,A,One-Time,Quality,Part wise CTQ - Critical paramter matrix  to be prepared - It will help to avoid the customer complaint,Shailesh T,2026-08-31,Photo Proof,Pending,,,2026-08-30T11:02:27.441Z,Quality,,
245,A,One-Time,MC Maint,DG Set to be arranged -Rent basis -,Raju Mohite,2026-08-31,Photo Proof,Pending,,,2026-08-30T11:02:27.441Z,Mr. Sanglikar (Mentor),,
246,A,One-Time,PDC,120T Machine door modification,Raju Mohite,2026-08-31,Photo Proof,Pending,,,2026-08-30T11:02:27.441Z,Mr. Sanglikar (Mentor),,
247,A,One-Time,PDC,120T + 135T + 160T + 120T - MC Loss analysis and support action plan -2400 shots /day,Shrirang C.,2026-08-31,Photo Proof,Pending,,,2026-08-30T11:02:27.441Z,Mr. Sanglikar (Mentor),,
248,A,One-Time,Tool Room,Prioirty for running production die correction  in our Tool room and should not loss of production,Nawale R,2026-08-31,Photo Proof,Pending,,,2026-08-30T11:02:27.441Z,Tool Room,,
249,A,One-Time,PDC,Daily all small PDC MC -120T -Plan shot Vs actual  shots updates on group,Shrirang C.,2026-08-31,Photo Proof,Pending,,,2026-08-30T11:02:27.441Z,Mr. Sanglikar (Mentor),,
250,A,One-Time,Tool Room,Repeat tool - All Model review and correction for avoid frequent mistakes,Nawale R,2026-08-31,Photo Proof,Pending,,,2026-08-30T11:02:27.441Z,Mr. Sanglikar (Mentor),,
251,A,One-Time,PDC,Daily Loss Data Monitoring for - Tooling +Maint+ Power + Process + Manpower - Action plan,Shrirang C.,2026-08-31,Photo Proof,Pending,,,2026-08-30T11:02:27.441Z,Mr. Sanglikar (Mentor),,
252,A,One-Time,PPC,Bar Cutting Manpower reporting to Mr. Vaibhav W for effective utilisation for bar cutting,Ratan Shaikh,2026-08-31,Photo Proof,Pending,,,2026-08-30T11:02:27.441Z,Mr. Sanglikar (Mentor),,
253,A,One-Time,MC Maint,"DG Set -One Week supplier person availablity, Diesel back up +Spare availablity",Raju Mohite,2026-08-31,Photo Proof,Pending,,,2026-08-30T11:02:27.441Z,Mr. Sanglikar (Mentor),,
254,A,One-Time,PDC,120T Machine Plunger ROD and Sleeve -Plant 01,Shrirang C.,2026-08-31,Photo Proof,Pending,,,2026-08-30T11:02:27.441Z,PDC,,
255,A,One-Time,Plant Head,MD Sir Meeting on Action closing compliance,Awari B,2026-08-31,Photo Proof,In process,,,2026-08-30T11:02:27.441Z,Mr. Sanglikar (Mentor),,
256,A,One-Time,Plant Head,Dept wise Successor  List and development plan,Awari B,2026-08-31,Photo Proof,In process,,,2026-08-30T11:02:27.441Z,Mr. Sanglikar (Mentor),,
257,A,One-Time,Plant Head,Other dept work -Non value added - List,Awari B,2026-08-31,Photo Proof,Pending,,,2026-08-30T11:02:27.441Z,Mr. Sanglikar (Mentor),,
258,A,One-Time,Die Maint,Die readiness report sign up,Subrata K,2026-08-31,Photo Proof,Pending,,,2026-08-30T11:02:27.441Z,Tool Room,,
259,A,One-Time,PDC,PDC related action close compliance on prioirty,Shrirang C.,2026-08-31,Photo Proof,Pending,,,2026-08-30T11:02:27.441Z,Mr. Sanglikar (Mentor),,
260,A,One-Time,PDC,Job responsibilty to be defined for Masud,Awari B,2026-08-31,Photo Proof,Completed,,,2026-08-30T11:02:27.441Z,Mr. Sanglikar (Mentor),,
261,A,One-Time,MC Maint,PDC Trimming press Safety Curtons installment,Raju Mohite,2026-04-30,Photo Proof,Pending,,,2026-08-30T11:02:27.441Z,Plant Head,,
262,A,One-Time,MC Maint,"Plant -02 -Manual Machine -4 Nos  -Two Push Button for Manual & Auto mode operating  , Both Safety door Limit switch",Raju Mohite,2026-04-30,Photo Proof,Pending,Only 120T Done,,2026-08-30T11:02:27.441Z,Plant Head,,
263,A,One-Time,MC Maint,Emergeny Lights in all sections,Raju Mohite,2026-04-30,Photo Proof,Pending,PDC Completed,,2026-08-30T11:02:27.441Z,Plant Head,,
264,A,One-Time,MC Maint,Fire hydrent system trial and Validation,Raju Mohite,2026-04-30,Photo Proof,Pending,,,2026-08-30T11:02:27.441Z,Plant Head,,
265,A,One-Time,Store,"Fire Hydrent boolun  provision in store, Final inspection  and Scrap yard",Dipak G,2026-04-30,Photo Proof,Pending,,,2026-08-30T11:02:27.441Z,Plant Head,,
266,A,One-Time,MC Maint,Tool Room Overhead Crane installation,Raju Mohite,2026-04-30,Photo Proof,Pending,,,2026-08-30T11:02:27.441Z,Tool Room,,
267,A,One-Time,PDC,"All Dies Eyebolt threading Hole validation, Eyebolt mounting with welding",Shrirang C.,2026-04-30,Photo Proof,Pending,,,2026-08-30T11:02:27.441Z,Plant Head,,
268,A,One-Time,PDC,"Safety PPE 100 % Compliance -Helmet, Goggle, Handgloves and Safety shoes",Shrirang C.,2026-04-30,Photo Proof,Pending,,,2026-08-30T11:02:27.441Z,Plant Head,,
269,A,One-Time,HR,PDC and Die Maint Team  - Cotton appron provision with deduction from employees salary,Poonam S,2026-04-30,Photo Proof,Pending,,,2026-08-30T11:02:27.441Z,Tool Room,,
270,A,One-Time,PDC,Safety Google uses at Air cleaning Operation,Shrirang C.,2026-04-30,Photo Proof,Pending,,,2026-08-30T11:02:27.441Z,Plant Head,,
271,A,One-Time,PDC,Crucible ovelife replacment activity plan with instant act.,Shrirang C.,2026-04-30,Photo Proof,In process,,,2026-08-30T11:02:27.441Z,Plant Head,,
272,A,One-Time,MC Maint,PDC Overhead Crane - Lifting load 1.5T Locking Poka yoke with alaram system,Raju Mohite,2026-04-30,Photo Proof,Completed,,,2026-08-30T11:02:27.441Z,Plant Head,,
273,A,One-Time,MC Maint,"PDC Overhead Crane - PM , speed variation, Pandle buttton issue",Raju Mohite,2026-04-30,Photo Proof,Completed,,,2026-08-30T11:02:27.441Z,Plant Head,,
274,A,One-Time,MC Maint,"Plant -01 -Manual Machine -4 Nos  -Two Push Button for Manual & Auto mode operating  , Both Safety door Limit switch",Raju Mohite,2026-04-30,Photo Proof,Completed,,,2026-08-30T11:02:27.441Z,Plant Head,,
275,A,One-Time,MC Maint,"All Machine - Safety door, Ladle limit switch and Emerngcy button validation",Raju Mohite,2026-04-30,Photo Proof,Completed,,,2026-08-30T11:02:27.441Z,Plant Head,,
276,A,One-Time,MC Maint,Electric staker Pasward access for Limited people with Only Use of Rack stacking operation,Raju Mohite,2026-04-30,Photo Proof,Completed,,,2026-08-30T11:02:27.441Z,Plant Head,,
277,A,One-Time,Purchase,Hand Pallet track Provision  =01 Nos.,Pankaj B,2026-04-30,Photo Proof,Completed,,,2026-08-30T11:02:27.441Z,Plant Head,,
278,A,One-Time,MC Maint,Plant -01 Overhead crane rectification,Raju Mohite,2026-04-30,Photo Proof,Completed,,,2026-08-30T11:02:27.441Z,Plant Head,,
279,A,One-Time,Plant Head,Trimming fixture development by addition by addition of Die maint person for TR Tool activity,Awari B,2026-06-30,Photo Proof,Pending,,,2026-08-30T11:02:27.441Z,Machine shop-01,,
280,A,One-Time,Plant Head,Mr. Santosh P supplier performance improvement by  as per MOM,Awari B,2026-06-30,Photo Proof,Completed,"Daily performance monitoring started 
All mom actions closed ",,2026-08-30T11:02:27.441Z,Plant Head,,
281,A,One-Time,Plant Head,New Fettling supervisor + Samarth Fettling team development,Awari B,2026-06-30,Photo Proof,In process,,,2026-08-30T11:02:27.441Z,Plant Head,,
282,A,One-Time,Plant Head,New Supplier - Mr. Ram -performance improvement by monitoring,Awari B,2026-06-30,Photo Proof,In process,,,2026-08-30T11:02:27.441Z,Plant Head,,
283,A,One-Time,Plant Head,New Supplier addition  -2 Nos,Awari B,2026-06-30,Photo Proof,In process,,,2026-08-30T11:02:27.441Z,Plant Head,,
284,A,One-Time,PPC,Rework area table should be identified separately.,Ratan Shaikh,2026-06-30,Photo Proof,Pending,,,2026-08-30T11:02:27.441Z,Plant Head,,
285,A,One-Time,PPC,Final stage - Only inspection stage table should be decide separately.,Ratan Shaikh,2026-06-30,Photo Proof,Pending,,,2026-08-30T11:02:27.441Z,Plant Head,,
286,A,One-Time,Quality,In process and PDI process is mandatory before dispatch.,Shailesh T,2026-06-30,Photo Proof,Pending,,,2026-08-30T11:02:27.441Z,Plant Head,,
287,A,One-Time,HR,Fettling stage - Need to implement quality control as like -In  process inspection for both shift.,Poonam S,2026-06-30,Photo Proof,Pending,,,2026-08-30T11:02:27.441Z,Plant Head,,
288,A,One-Time,Quality,Fettling dept all people part wise training and Master Sample,Shailesh T,2026-06-30,Photo Proof,Pending,,,2026-08-30T11:02:27.441Z,Plant Head,,
289,A,One-Time,Plant Head,Existing Supplier development by Monitoring and provision of required support,Awari B,2026-06-30,Photo Proof,In process,,,2026-08-30T11:02:27.441Z,Plant Head,,
290,A,One-Time,Plant Head,Door hinge part fettling at Plant 01,Awari B,2026-06-30,Photo Proof,Pending,,,2026-08-30T11:02:27.441Z,Plant Head,,
291,A,One-Time,Purchase,Searching another PDC -Hot chamber 90T Machine -Die casting + Fettling,Pankaj B,2026-06-30,Photo Proof,Pending,,,2026-08-30T11:02:27.441Z,Tool Room,,
292,A,One-Time,Purchase,New Supplier to be identified for - Milling+ Grinding + CNC,Pankaj B,2026-06-30,Photo Proof,Pending,,,2026-08-30T11:02:27.441Z,Machine shop-01,,
293,A,One-Time,Purchase,Supplier VMC Trial  to be conducted on VMC with Cost Impact as a Long Term action & No Man dependent,Pankaj B,2026-06-30,Photo Proof,Pending,,,2026-08-30T11:02:27.441Z,Machine shop-01,,
294,A,One-Time,Purchase,In house VMC Trial  to be conducted on VMC with Cost Impact as a Long Term action & No Man dependent,Pankaj B,2026-06-30,Photo Proof,Pending,,,2026-08-30T11:02:27.441Z,Machine shop-01,,
295,A,One-Time,Purchase,Hardening process new supplier to be developed,Pankaj B,2026-06-30,Photo Proof,Pending,,,2026-08-30T11:02:27.441Z,Plant Head,,
296,A,One-Time,Purchase,New Supplier to be identified for - VMC,Pankaj B,2026-06-30,Photo Proof,Pending,,,2026-08-30T11:02:27.441Z,Machine shop-01,,
297,A,One-Time,Purchase,New Supplier to be identified for - Grinding,Pankaj B,2026-06-30,Photo Proof,Pending,,,2026-08-30T11:02:27.441Z,Plant Head,,
298,A,One-Time,Purchase,New Supplier to be identified for - CNC,Pankaj B,2026-06-30,Photo Proof,Pending,,,2026-08-30T11:02:27.441Z,Machine shop-01,,
299,B,One-Time,HR,Skill Man power shortage,Poonam S,2026-06-30,Photo Proof,Completed,,,2026-08-30T11:02:27.441Z,Plant Head,,
300,B,One-Time,HR,Manpower shortage,Poonam S,2026-06-30,Photo Proof,Completed,,,2026-08-30T11:02:27.441Z,Plant Head,,
301,B,One-Time,Die Maint,Brack down time awareness,Subrata K,2026-06-30,Photo Proof,Completed,,,2026-08-30T11:02:27.441Z,Plant Head,,
302,B,One-Time,Die Maint,Die P.M. Knowledge,Subrata K,2026-06-30,Photo Proof,Completed,,,2026-08-30T11:02:27.441Z,Tool Room,,
303,B,One-Time,Die Maint,Tool Safety awareness Knowledge,Subrata K,2026-06-30,Photo Proof,Completed,,,2026-08-30T11:02:27.441Z,Plant Head,,
304,B,One-Time,Die Maint,not working on Safety,Subrata K,2026-06-30,Photo Proof,Completed,,,2026-08-30T11:02:27.441Z,Plant Head,,
305,B,One-Time,Purchase,Die Brackdown report book,Pankaj B,2026-06-30,Photo Proof,Pending,,,2026-08-30T11:02:27.441Z,Tool Room,,
306,B,One-Time,Purchase,DMI bord,Pankaj B,2026-06-30,Photo Proof,Pending,,,2026-08-30T11:02:27.441Z,Plant Head,,
307,B,One-Time,Purchase,Red & Green tag,Pankaj B,2026-06-30,Photo Proof,Completed,,,2026-08-30T11:02:27.441Z,Plant Head,,
308,B,One-Time,Purchase,Hand Drilling Machine  unavailable,Pankaj B,2026-06-30,Photo Proof,Pending,,,2026-08-30T11:02:27.441Z,Plant Head,,
309,B,One-Time,Purchase,Gris red stub frequently unavailable,Pankaj B,2026-06-30,Photo Proof,Completed,,,2026-08-30T11:02:27.441Z,Plant Head,,
310,B,One-Time,Purchase,grinding Machine- 3mm unavailable,Pankaj B,2026-06-30,Photo Proof,Pending,,,2026-08-30T11:02:27.441Z,Plant Head,,
311,B,One-Time,Purchase,I bolt - M14-M30 frequently unavailable,Pankaj B,2026-06-30,Photo Proof,Pending,,,2026-08-30T11:02:27.441Z,Plant Head,,
312,B,One-Time,Purchase,Allen key set  unavailable,Pankaj B,2026-06-30,Photo Proof,Pending,,,2026-08-30T11:02:27.441Z,Plant Head,,
313,B,One-Time,Purchase,3mm & 6 mm Bar cutter,Pankaj B,2026-06-30,Photo Proof,Pending,,,2026-08-30T11:02:27.441Z,Plant Head,,
314,B,One-Time,Purchase,3mm Dimond cutter set,Pankaj B,2026-06-30,Photo Proof,Pending,,,2026-08-30T11:02:27.441Z,Plant Head,,
315,B,One-Time,Purchase,"oil stone-180,220 frequently unavailable",Pankaj B,2026-06-30,Photo Proof,Completed,,,2026-08-30T11:02:27.441Z,Plant Head,,
316,B,One-Time,Purchase,Open end spanner  unavailable,Pankaj B,2026-06-30,Photo Proof,Pending,,,2026-08-30T11:02:27.441Z,Plant Head,,
317,B,One-Time,Plant Head,Die Rack & Die Stand unavailable,Awari B,2026-06-30,Photo Proof,Completed,,,2026-08-30T11:02:27.441Z,Tool Room,,
318,B,One-Time,Plant Head,Spare Rack ( Core Pines)  unavailable,Awari B,2026-06-30,Photo Proof,Completed,,,2026-08-30T11:02:27.441Z,Plant Head,,
319,B,One-Time,Purchase,Lapper (Die Polish)  unavailable,Pankaj B,2026-06-30,Photo Proof,Pending,,,2026-08-30T11:02:27.441Z,Tool Room,,
320,B,One-Time,Purchase,"3/4"" Air Impact Wrench + Socket (5mm-19mm)-3600 RPM  unavailable",Pankaj B,2026-06-30,Photo Proof,Pending,,,2026-08-30T11:02:27.441Z,Plant Head,,
321,B,One-Time,Quality,Die unloading report not available,Shailesh T,2026-06-30,Photo Proof,In process,,,2026-08-30T11:02:27.441Z,Tool Room,,
322,B,One-Time,PDC,Die Brackdown report,Shrirang C.,2026-06-30,Photo Proof,Pending,,,2026-08-30T11:02:27.441Z,Tool Room,,
323,B,One-Time,PDC,Die unloading Tag,Shrirang C.,2026-06-30,Photo Proof,Pending,,,2026-08-30T11:02:27.441Z,Tool Room,,
324,B,One-Time,Die Maint,All Die idendification mark,Subrata K,2026-06-30,Photo Proof,In process,,,2026-08-30T11:02:27.441Z,Tool Room,,
325,B,One-Time,Die Maint,All Die i-bolt connection,Subrata K,2026-06-30,Photo Proof,Under Verification,All Die I-bolt Connection Completed ,,2026-08-30T11:02:27.441Z,Tool Room,,
326,B,One-Time,Die Maint,All die stand idendification mark,Subrata K,2026-06-30,Photo Proof,Completed,,,2026-08-30T11:02:27.441Z,Tool Room,,
327,B,One-Time,Die Maint,Castumar wash Die coller,Subrata K,2026-06-30,Photo Proof,In process,,,2026-08-30T11:02:27.441Z,Tool Room,,
328,B,One-Time,Plant Head,Tooling Availablity -Min Max.,Awari B,2026-06-30,Photo Proof,Completed,,,2026-08-30T11:02:27.441Z,Plant Head,,
329,B,One-Time,Die Maint,DMI bord added,Subrata K,2026-06-30,Photo Proof,Pending,,,2026-08-30T11:02:27.441Z,Plant Head,,
330,B,One-Time,Die Maint,Used Die P.M check sheet,Subrata K,2026-06-30,Photo Proof,Completed,,,2026-08-30T11:02:27.441Z,Tool Room,,
331,B,One-Time,Die Maint,All die used  Green tag,Subrata K,2026-06-30,Photo Proof,Completed,,,2026-08-30T11:02:27.441Z,Tool Room,,
332,B,One-Time,Die Maint,Used Spare check list,Subrata K,2026-06-30,Photo Proof,Completed,,,2026-08-30T11:02:27.441Z,Plant Head,,
333,B,One-Time,Die Maint,DMG  Red bin added,Subrata K,2026-06-30,Photo Proof,Completed,,,2026-08-30T11:02:27.441Z,Plant Head,,
334,B,One-Time,Die Maint,Used Die History card,Subrata K,2026-06-30,Photo Proof,In process,,,2026-08-30T11:02:27.441Z,Tool Room,,
335,B,One-Time,Die Maint,SOP maintend,Subrata K,2026-06-30,Photo Proof,Completed,,,2026-08-30T11:02:27.441Z,Plant Head,,
336,B,One-Time,Die Maint,5'S maintend,Subrata K,2026-06-30,Photo Proof,Completed,,,2026-08-30T11:02:27.441Z,Plant Head,,
337,B,One-Time,Die Maint,Used Daily Work Report,Subrata K,2026-06-30,Photo Proof,Completed,,,2026-08-30T11:02:27.441Z,Plant Head,,
338,B,One-Time,Plant Head,Die Brackdown report stand,Awari B,2026-06-30,Photo Proof,Completed,,,2026-08-30T11:02:27.441Z,Tool Room,,
339,B,One-Time,Quality,Last shot with marking and date not available,Shailesh T,2026-06-30,Photo Proof,In process,,,2026-08-30T11:02:27.441Z,Plant Head,,
340,B,One-Time,Tool Room,2D drawing fiels not available,Nawale R,2026-06-30,Photo Proof,In process,,,2026-08-30T11:02:27.441Z,Plant Head,,
341,B,One-Time,Purchase,Dimond File Set,Pankaj B,2026-06-30,Photo Proof,Pending,,,2026-08-30T11:02:27.441Z,Plant Head,,
342,B,One-Time,Purchase,Shim used for core back problem(0.1-0.5 mm),Pankaj B,2026-06-30,Photo Proof,Pending,,,2026-08-30T11:02:27.441Z,Plant Head,,
343,B,One-Time,Purchase,Shime cutter,Pankaj B,2026-06-30,Photo Proof,Pending,,,2026-08-30T11:02:27.441Z,Plant Head,,
344,B,One-Time,Plant Head,Core pin spare box,Awari B,2026-06-30,Photo Proof,Completed,,,2026-08-30T11:02:27.441Z,Plant Head,,
345,B,One-Time,Plant Head,7100783-1,Awari B,2026-08-30,Photo Proof,Pending,Subrata,,2026-08-30T11:02:27.441Z,Store,,
346,B,One-Time,Plant Head,Outer Linkage,Awari B,2026-08-30,Photo Proof,Pending,Mohite R.,,2026-08-30T11:02:27.441Z,Store,,
347,B,One-Time,Plant Head,SPP,Awari B,2026-08-30,Photo Proof,Pending,Subrata,,2026-08-30T11:02:27.441Z,Store,,
348,B,One-Time,Plant Head,22014 AZ -39-42,Awari B,2026-08-30,Photo Proof,Pending,Subrata,,2026-08-30T11:02:27.441Z,Store,,
349,B,One-Time,Plant Head,4907 G,Awari B,2026-08-30,Photo Proof,Pending,Subrata,,2026-08-30T11:02:27.441Z,Store,,
350,B,One-Time,Plant Head,DRCODDR,Awari B,2026-08-30,Photo Proof,Pending,Subrata,,2026-08-30T11:02:27.441Z,Store,,
351,B,One-Time,Plant Head,Top cover,Awari B,2026-08-30,Photo Proof,Pending,Subrata,,2026-08-30T11:02:27.441Z,Store,,
352,B,One-Time,Plant Head,Gear Box,Awari B,2026-08-30,Photo Proof,Pending,Subrata,,2026-08-30T11:02:27.441Z,Store,,
353,B,One-Time,Plant Head,End cover,Awari B,2026-08-30,Photo Proof,Pending,Subrata,,2026-08-30T11:02:27.441Z,Store,,
354,B,One-Time,Plant Head,LUG Tube,Awari B,2026-08-30,Photo Proof,Pending,Yogesh J,,2026-08-30T11:02:27.441Z,Store,,
355,B,One-Time,Plant Head,Base Tube,Awari B,2026-08-30,Photo Proof,Pending,Subrata,,2026-08-30T11:02:27.441Z,Store,,
356,B,One-Time,Plant Head,Inner Linkage,Awari B,2026-08-30,Photo Proof,Pending,Subrata,,2026-08-30T11:02:27.441Z,Store,,
357,B,One-Time,Plant Head,GW7 - Top,Awari B,2026-08-30,Photo Proof,Pending,Subrata,,2026-08-30T11:02:27.441Z,Store,,
358,B,One-Time,Plant Head,Handle,Awari B,2026-08-30,Photo Proof,Pending,Subrata,,2026-08-30T11:02:27.441Z,Store,,
359,B,One-Time,Plant Head,Stem,Awari B,2026-08-30,Photo Proof,Pending,Subrata,,2026-08-30T11:02:27.441Z,Store,,
360,B,One-Time,Plant Head,P30 Manifold,Awari B,2026-08-30,Photo Proof,Pending,Subrata,,2026-08-30T11:02:27.441Z,Store,,
361,B,One-Time,Plant Head,Dura Bracket,Awari B,2026-08-30,Photo Proof,Pending,Subrata,,2026-08-30T11:02:27.441Z,Store,,
362,B,One-Time,Plant Head,K17 LED,Awari B,2026-08-30,Photo Proof,Pending,Subrata,,2026-08-30T11:02:27.441Z,Store,,
363,B,One-Time,Plant Head,22014AZ  35-38,Awari B,2026-08-30,Photo Proof,Pending,Subrata,,2026-08-30T11:02:27.441Z,Store,,
364,B,One-Time,Plant Head,Slleve RD,Awari B,2026-08-30,Photo Proof,Pending,Subrata,,2026-08-30T11:02:27.441Z,Store,,
365,B,One-Time,Plant Head,Slleve RP,Awari B,2026-08-30,Photo Proof,Pending,Subrata,,2026-08-30T11:02:27.441Z,Store,,
366,B,One-Time,Plant Head,Slleve LD,Awari B,2026-08-30,Photo Proof,Pending,Subrata,,2026-08-30T11:02:27.441Z,Store,,
367,B,One-Time,Plant Head,W601 Sleeve DR/PA,Awari B,2026-08-30,Photo Proof,Pending,Subrata,,2026-08-30T11:02:27.441Z,Store,,
368,B,One-Time,Plant Head,P14 Manifold,Awari B,2026-08-30,Photo Proof,Pending,Subrata,,2026-08-30T11:02:27.441Z,Store,,
369,B,One-Time,Plant Head,Sleeve DR-PS MGH,Awari B,2026-08-30,Photo Proof,Pending,Subrata,,2026-08-30T11:02:27.441Z,Store,,
370,B,One-Time,Plant Head,Frame S201,Awari B,2026-08-30,Photo Proof,Pending,Subrata,,2026-08-30T11:02:27.441Z,Store,,
371,B,One-Time,Plant Head,G3 Shank,Awari B,2026-08-30,Photo Proof,Pending,Subrata,,2026-08-30T11:02:27.441Z,Store,,
372,B,One-Time,Plant Head,KT26,Awari B,2026-08-30,Photo Proof,Pending,Subrata,,2026-08-30T11:02:27.441Z,Store,,
373,B,One-Time,Plant Head,4947,Awari B,2026-08-30,Photo Proof,Pending,Subrata,,2026-08-30T11:02:27.441Z,Store,,
374,B,One-Time,Plant Head,TA Heat sink,Awari B,2026-08-30,Photo Proof,Pending,Subrata,,2026-08-30T11:02:27.441Z,Store,,
375,B,One-Time,Plant Head,Base MCU big,Awari B,2026-08-30,Photo Proof,Pending,Subrata,,2026-08-30T11:02:27.441Z,Store,,
376,B,One-Time,Plant Head,P113 New,Awari B,2026-08-30,Photo Proof,Pending,Subrata,,2026-08-30T11:02:27.441Z,Store,,
377,B,One-Time,Plant Head,BSO,Awari B,2026-08-30,Photo Proof,Pending,Subrata,,2026-08-30T11:02:27.441Z,Store,,
378,B,One-Time,Plant Head,A601,Awari B,2026-08-30,Photo Proof,Pending,Subrata,,2026-08-30T11:02:27.441Z,Store,,
379,B,One-Time,Plant Head,Casting Insert,Awari B,2026-08-30,Photo Proof,Pending,Subrata,,2026-08-30T11:02:27.441Z,Tool Room,,
380,B,One-Time,Plant Head,FML G28 Shifter HSG,Awari B,2026-08-30,Photo Proof,Pending,Subrata,,2026-08-30T11:02:27.441Z,Store,,
381,B,One-Time,Plant Head,FML G28 -3/4 Fork,Awari B,2026-08-30,Photo Proof,Pending,Subrata,,2026-08-30T11:02:27.441Z,Store,,
382,B,One-Time,Plant Head,Pivot 95,Awari B,2026-08-30,Photo Proof,Pending,Subrata,,2026-08-30T11:02:27.441Z,Store,,
383,B,One-Time,Plant Head,Batrix Handel,Awari B,2026-08-30,Photo Proof,Pending,Subrata,,2026-08-30T11:02:27.441Z,Store,,
384,B,One-Time,Plant Head,50 NM,Awari B,2026-08-30,Photo Proof,Pending,Subrata,,2026-08-30T11:02:27.441Z,Store,,
385,B,One-Time,Plant Head,FTI,Awari B,2026-08-30,Photo Proof,Pending,Subrata,,2026-08-30T11:02:27.441Z,Store,,
386,B,One-Time,Plant Head,Piaggio,Awari B,2026-08-30,Photo Proof,Pending,Subrata,,2026-08-30T11:02:27.441Z,Store,,
387,B,One-Time,Plant Head,V3 - Projector,Awari B,2026-08-30,Photo Proof,Pending,Subrata,,2026-08-30T11:02:27.441Z,Store,,
388,B,One-Time,Plant Head,Signiture,Awari B,2026-08-30,Photo Proof,Pending,Subrata,,2026-08-30T11:02:27.441Z,Store,,
389,B,One-Time,Plant Head,Plate KT26,Awari B,2026-08-30,Photo Proof,Pending,Subrata,,2026-08-30T11:02:27.441Z,Store,,
390,B,One-Time,Plant Head,LPP-80,Awari B,2026-08-30,Photo Proof,Pending,Subrata,,2026-08-30T11:02:27.441Z,Store,,
391,B,One-Time,Plant Head,LPP-100,Awari B,2026-08-30,Photo Proof,Pending,Subrata,,2026-08-30T11:02:27.441Z,Store,,
392,B,One-Time,Plant Head,Tata Pivot,Awari B,2026-08-30,Photo Proof,Pending,Subrata,,2026-08-30T11:02:27.441Z,Store,,
393,B,One-Time,Plant Head,Small G3 Shank,Awari B,2026-08-30,Photo Proof,Pending,Subrata,,2026-08-30T11:02:27.441Z,Store,,
394,B,One-Time,Plant Head,FML G32 3/4/5 FORK,Awari B,2026-08-30,Photo Proof,Pending,Subrata,,2026-08-30T11:02:27.441Z,Store,,
395,B,One-Time,Plant Head,FML G28 1/2 FORK,Awari B,2026-08-30,Photo Proof,Pending,Subrata,,2026-08-30T11:02:27.441Z,Store,,
396,B,One-Time,Plant Head,FML G32 1/2 FORK,Awari B,2026-08-30,Photo Proof,Pending,Subrata,,2026-08-30T11:02:27.441Z,Store,,
397,B,One-Time,Plant Head,Big Yoke,Awari B,2026-08-30,Photo Proof,Pending,Subrata,,2026-08-30T11:02:27.441Z,Store,,
398,B,One-Time,Plant Head,Small Yoke,Awari B,2026-08-30,Photo Proof,Pending,Subrata,,2026-08-30T11:02:27.441Z,Store,,
399,B,One-Time,Plant Head,Metal Core,Awari B,2026-08-30,Photo Proof,Pending,Subrata,,2026-08-30T11:02:27.441Z,Store,,
400,B,One-Time,Plant Head,FML Speedo Bush,Awari B,2026-08-30,Photo Proof,Pending,Subrata,,2026-08-30T11:02:27.441Z,Store,,
401,B,One-Time,Plant Head,4907KZ BODY,Awari B,2026-08-30,Photo Proof,Pending,Subrata,,2026-08-30T11:02:27.441Z,Store,,
402,B,One-Time,Plant Head,4935KZ BODY,Awari B,2026-08-30,Photo Proof,Pending,Subrata,,2026-08-30T11:02:27.441Z,Store,,
403,B,One-Time,Plant Head,1306DZ-BODY,Awari B,2026-08-30,Photo Proof,Pending,Subrata,,2026-08-30T11:02:27.441Z,Store,,
404,B,One-Time,Plant Head,Projector,Awari B,2026-08-30,Photo Proof,Pending,Subrata,,2026-08-30T11:02:27.441Z,Store,,
405,B,One-Time,Plant Head,Mohite R,Awari B,2026-08-30,Photo Proof,Pending,,,2026-08-30T11:02:27.441Z,Store,,
406,B,One-Time,Plant Head,Yogesh J,Awari B,2026-08-30,Photo Proof,Pending,,,2026-08-30T11:02:27.441Z,Store,,
407,B,One-Time,Plant Head,Pankaj B.,Awari B,2026-08-30,Photo Proof,Pending,,,2026-08-30T11:02:27.441Z,Store,,
408,B,One-Time,Plant Head,Poonam S,Awari B,2026-08-30,Photo Proof,Pending,,,2026-08-30T11:02:27.441Z,Store,,
409,B,One-Time,Plant Head,R navale,Awari B,2026-08-30,Photo Proof,Pending,,,2026-08-30T11:02:27.441Z,Store,,
410,B,One-Time,Plant Head,Raju M,Awari B,2026-08-30,Photo Proof,Pending,,,2026-08-30T11:02:27.441Z,Store,,
411,B,One-Time,Plant Head,Shrirang Choudhari,Awari B,2026-08-30,Photo Proof,Pending,,,2026-08-30T11:02:27.441Z,Store,,
412,B,One-Time,Plant Head,Subrata,Awari B,2026-08-30,Photo Proof,Pending,,,2026-08-30T11:02:27.441Z,Store,,
413,B,One-Time,Plant Head,Sunil,Awari B,2026-08-30,Photo Proof,Pending,,,2026-08-30T11:02:27.441Z,Store,,
414,B,One-Time,Plant Head,Thobre Sir.,Awari B,2026-08-30,Photo Proof,Pending,,,2026-08-30T11:02:27.441Z,Store,,
415,A,One-Time,Quality,Master list of drawings is  available and is partially updated. Control copy drawings are not available for all parts. I.e the control copy drawing for A601 HL HCM HT SINK HSG 4755-69-00-00 is not evident.,Shailesh T,2026-06-30,Photo Proof,Completed,,,2026-08-30T11:02:27.441Z,Store,,
416,A,One-Time,Quality,Critical parameters are not defined in the control plan.,Shailesh T,2026-06-30,Photo Proof,Completed,,,2026-08-30T11:02:27.441Z,Store,,
417,A,One-Time,Quality,"Process sheets, WI, and inspection & test instructions are available however, their interlinkage with the control plan is not evident.",Shailesh T,2026-06-30,Photo Proof,Completed,,,2026-08-30T11:02:27.441Z,Store,,
418,A,One-Time,Quality,In-process inspection and set-up approval reports are partially available. I.e SPM drilling and tapping inspection reports are not available.,Shailesh T,2026-06-30,Photo Proof,Completed,,,2026-08-30T11:02:27.441Z,Store,,
419,A,One-Time,Quality,Packaging instructions are available at the final inspection stage with limited information. Detailed packaging standard needs to be made available at the final inspection stage.,Shailesh T,2026-06-30,Photo Proof,Completed,,,2026-08-30T11:02:27.441Z,Store,,
420,A,One-Time,Quality,Operators are not aware of the drawing SC/CC parameters.,Shailesh T,2026-06-30,Photo Proof,Completed,,,2026-08-30T11:02:27.441Z,Store,,
421,A,One-Time,Quality,"Operator is aware of the JH activities; however, the JH checklist is only partially filled out as per the inspection frequency.",Shailesh T,2026-06-30,Photo Proof,Completed,,,2026-08-30T11:02:27.441Z,Store,,
422,A,One-Time,Quality,"Awareness of customer complaints among operators and inspectors is evident; however, quality alerts are not available at the relevant stages.",Shailesh T,2026-06-30,Photo Proof,Completed,,,2026-08-30T11:02:27.441Z,Quality,,
423,A,One-Time,Quality,"After a customer complaint, all related documents are partially reviewed and updated.",Shailesh T,2026-06-30,Photo Proof,Completed,,,2026-08-30T11:02:27.441Z,Quality,,
424,A,One-Time,Quality,"Manufacturing Process Audit Plan (Doc No.: SI-PRD-F-06) is available for all manufacturing processes; however, shot blasting, vibro, lancing, conventional machining, and buffing processes are excluded. Manufacturing Process Report (Doc No.: SI-PRD-F-07) needs to be reviewed and updated for in-process inspection, tool life monitoring, and PM activities.",Shailesh T,2026-06-30,Photo Proof,Completed,,,2026-08-30T11:02:27.441Z,Quality,,
425,A,One-Time,Quality,"In-house rejection monitoring and action plans are in place as per the 80:20 Pareto matrix. However, supplier defect rejections are not being monitored, and corresponding action plans are not evident. For example, casting defects such as short fill, blow holes, and carbon marks are the top contributors, but corresponding action plans are not evident.",Shailesh T,2026-06-30,Photo Proof,Completed,,,2026-08-30T11:02:27.441Z,Quality,,
426,A,One-Time,Quality,Action plan is not available for the top five defect phenomena.,Shailesh T,2026-06-30,Photo Proof,Completed,,,2026-08-30T11:02:27.441Z,Store,,
427,A,One-Time,Quality,Poka yoke are not incorporate into the control plan.,Shailesh T,2026-06-30,Photo Proof,Completed,,,2026-08-30T11:02:27.441Z,Store,,
428,A,One-Time,Quality,"Master list of master/limit samples is available; however, the defined validation frequency is not adhered to.",Shailesh T,2026-06-30,Photo Proof,Completed,,,2026-08-30T11:02:27.441Z,Store,,
429,A,One-Time,Quality,Process validation reports are not available,Shailesh T,2026-06-30,Photo Proof,Completed,,,2026-08-30T11:02:27.441Z,Store,,
430,A,One-Time,Quality,"PM plan is available for all machines and utility equipment (Doc No.: SI-MAINT-F-01). However, a PM plan is required for all machines, and PM should be conducted accordingly. Currently, for the conventional drilling machine, a combined PM plan and reports are available.",Shailesh T,2026-06-30,Photo Proof,Completed,,,2026-08-30T11:02:27.441Z,Store,,
431,A,One-Time,Quality,"Breakdown history is available along with breakdown causes and corrective actions (Document No.: SI-MAINT-F-07). However, the analysis needs to be structured in a more systematic manner to clearly identify the root cause and corresponding countermeasures.",Shailesh T,2026-06-30,Photo Proof,Completed,,,2026-08-30T11:02:27.441Z,Store,,
432,A,One-Time,Quality,"Monthly preventive checkpoints are verified as per the defined frequency, and the CBM methodology is being followed. However, MTTR and MTBF targets are not defined and are not being monitored.",Shailesh T,2026-06-30,Photo Proof,Completed,,,2026-08-30T11:02:27.441Z,Store,,
433,A,One-Time,Quality,Product Layout Inspection plan is available ( Doc no-SI-PRD-F-22) and as per planner records are partially available.,Shailesh T,2026-06-30,Photo Proof,Completed,,,2026-08-30T11:02:27.441Z,Store,,
434,A,One-Time,Quality,"Partial compliance with the calibration plan is evident. Total of 206 equipment are available; however, 9 equipment have been overdue since January 2026. Additionally, calibration acceptance criteria are not clearly specified.",Shailesh T,2026-06-30,Photo Proof,Completed,,,2026-08-30T11:02:27.441Z,Store,,
435,A,One-Time,Quality,"MSA instrument family-wise MSA plan (Doc No.: SI-QAD-F-15) is available however, partial compliance is evident. I.e, the micrometer 75–100 mm study was planned for March 2026, but the actual study was not performed.",Shailesh T,2026-06-30,Photo Proof,Completed,,,2026-08-30T11:02:27.441Z,Quality,,
436,A,One-Time,Quality,"Quality Engineer is aware of the MSA study and its criteria. However, the MSA Study WI is not available, and acceptance criteria are not specified in the study report. Attribute study is not effectively performed, as only two appraisers were evaluated using OK samples, and no NG samples were included.",Shailesh T,2026-06-30,Photo Proof,Completed,,,2026-08-30T11:02:27.441Z,Store,,
437,A,One-Time,Quality,Poisson test plan is not available and performed on a monthly basis.,Shailesh T,2026-06-30,Photo Proof,Completed,,,2026-08-30T11:02:27.441Z,Store,,
438,A,One-Time,Quality,PPAP tracking status list is partially available.,Shailesh T,2026-06-30,Photo Proof,Completed,,,2026-08-30T11:02:27.441Z,Store,,
439,A,One-Time,Quality,Control charts for critical parameters are not available.,Shailesh T,2026-06-30,Photo Proof,Completed,,,2026-08-30T11:02:27.441Z,Store,,
440,A,One-Time,Quality,SPC plan is not available for VEL products.  ( Doc no-SI-QAD-F-18  ),Shailesh T,2026-06-30,Photo Proof,Completed,,,2026-08-30T11:02:27.441Z,Quality,,
441,A,One-Time,Quality,Non conformity analysis are not available.,Shailesh T,2026-06-30,Photo Proof,Completed,,,2026-08-30T11:02:27.441Z,Store,,
442,A,One-Time,Quality,"Customer complaint register is available, but all complaints are not updated. Doc No.: SI-CC-F-08",Shailesh T,2026-06-30,Photo Proof,Completed,,,2026-08-30T11:02:27.441Z,Quality,,
443,A,One-Time,Quality,Partial action plan is available for complaints.,Shailesh T,2026-06-30,Photo Proof,Completed,,,2026-08-30T11:02:27.441Z,Quality,,
444,A,One-Time,Quality,Effectiveness of actions is partially monitored to ensure sustained implementation.,Shailesh T,2026-06-30,Photo Proof,Completed,,,2026-08-30T11:02:27.441Z,Store,,
445,A,One-Time,Quality,"Supplier performance ratings are monitored; however, the performance improvement action plan is not evident.",Shailesh T,2026-06-30,Photo Proof,Completed,,,2026-08-30T11:02:27.441Z,Store,,
446,A,One-Time,Quality,PTDB is partially evident.I.e PDC process and VMC machining-related defect complaints are not captured in the PTDB.,Shailesh T,2026-06-30,Photo Proof,Completed,,,2026-08-30T11:02:27.441Z,Quality,,
447,A,One-Time,Quality,"Monthly 4M change records are available, but the 4M change declaration is not being uploaded on the vendor portal on a monthly basis.",Shailesh T,2026-06-30,Photo Proof,Completed,,,2026-08-30T11:02:27.441Z,Purchase,,
448,A,One-Time,HR,"Noise level and air pollution inspections were last conducted on 01.03.2025 (Report No.: NLES/24-25/02/AA/RE/298–306), but the defined frequency is not adhered to.",Poonam S,2026-06-30,Photo Proof,Completed,,,2026-08-30T11:02:27.441Z,Store,,
449,A,One-Time,Quality,Safety guard for the PDC machine is not available and needs to be provided.,Shailesh T,2026-06-30,Photo Proof,Completed,,,2026-08-30T11:02:27.441Z,Store,,
450,A,One-Time,Quality,"Machine parameter for the 2nd phase limit switch length is specified inadequately. Instead of specifying the setting in turns, it is specified as 1.2 ± 0.2 mm.",Shailesh T,2026-06-30,Photo Proof,Completed,,,2026-08-30T11:02:27.441Z,Store,,
451,A,One-Time,Quality,Machine parameter verification sheet for VMC cycle time and clamping pressure,Shailesh T,2026-06-30,Photo Proof,Completed,,,2026-08-30T11:02:27.441Z,Quality,,
